competitor_name,region,countries_active,regional_positioning,regional_messaging,localization_details,key_partnerships,sources
SOFTSWISS,CIS,"Belarus, Ukraine, Georgia","Crypto-first platform leader","iGaming software trusted by 1400+ brands","Russian, Ukrainian, Georgian; crypto payments","Multiple CIS operator brands",softswiss.com
SOFTSWISS,Europe,"Malta, Poland, Germany, Sweden","Best iGaming Platform Supplier in Europe (award 2026)","Scalable, certified, crypto-native","20+ languages; EUR, GBP, SEK; local payment methods",,softswiss.com
SOFTSWISS,LatAm,"Brazil, Peru","Early mover in Brazil regulation; Rubens Barrichello ambassador","LatAm expansion with local celebrity endorsement","Portuguese, Spanish; PIX, Boleto; BRL","Rubens Barrichello (Non-Exec Director LatAm); Turfsport (SA acquisition)",yogonet.com; softswiss.com
SOFTSWISS,Africa,"South Africa","Market entry via Turfsport acquisition","Sports betting expansion into Africa","English; ZAR; local payment methods","Turfsport",softswiss.com
Slotegrator,CIS,"Ukraine, Belarus, Russia","One-stop shop for CIS operators","APIgrator — single API for all games","Russian, Ukrainian; crypto; local wallets",,slotegrator.pro
Slotegrator,Europe,"Balkans, CEE, Malta","Fastest-growing in Balkans (+168% demand)","Rebrand and modernized platform","20+ languages; EUR; European payment methods",,slotegrator.pro; yogonet.com
Slotegrator,LatAm,"Brazil, Colombia, Mexico","Fast LatAm growth; local payment integration","One-stop shop for emerging markets","Portuguese, Spanish; PIX, local methods",,slotegrator.pro
Slotegrator,Africa,"Nigeria, South Africa, Kenya","132% demand growth in Africa","Affordable turnkey for African operators","English, French; mobile money, crypto",,next.io; slotegrator.pro
Slotegrator,Oceania,"Australia","111% demand growth","Expanding into regulated Oceania","English; AUD",,next.io
BetConstruct,CIS,"Armenia, Georgia, Ukraine","Full-stack B2B with Armenian roots","AI-powered iGaming ecosystem","Russian, Armenian, Georgian; local payments","Vbet (10+ year partner)",betconstruct.com
BetConstruct,Asia,"Philippines, Vietnam, Thailand, Malaysia","AI-driven expansion; SCBPO Philippines","The Choice — operator self-selection of modular tools","Asian languages; localized content (Teen Patti, Sic Bo)","Dafabet; 15 new SE Asian clients onboarding",betconstruct.com; eegaming.org
BetConstruct,Europe,"UK, Malta, France, Belgium, Denmark, Germany, Netherlands, Sweden","Multi-licensed across 10+ EU jurisdictions","Center of Gravity (2025); The Choice (2026)","20+ languages; EUR, GBP, SEK; 500+ payment gateways","Flutter, OlyBet, CircusBet, Partouche",betconstruct.com
BetConstruct,LatAm,"Brazil, Colombia, Peru","AI Fuels Global Innovation Strategy","Expansion into regulated LatAm","Portuguese, Spanish; local payment methods","Betcris",eegaming.org
BetConstruct,Africa,"South Africa","Licensed in Western Cape & Mpumalanga","Emerging market specialist","English; ZAR","Hollywoodbets",betconstruct.com
Digitain,CIS,"Armenia, Georgia","National Lottery heritage; HQ in Yerevan","25+ years of Armenian tech excellence","Armenian, Russian, Georgian; local payments",,digitain.com
Digitain,Asia,"India, Philippines","Sportsbook focus in Asian markets","Award-winning interactive sportsbook experience","Hindi, Filipino; INR, PHP; local methods",,digitain.com
Digitain,Europe,"Malta, Romania, Greece, Sweden, UK, Bulgaria, Belgium","Multi-licensed across EU; strong regulatory footprint","Building a Strong Foundation for Growth","70+ languages; EUR; 140+ payment methods","Winmasters, 888 Romania, AdmiralBet Serbia, MagicBetting",digitain.com; igamingx.com
Digitain,LatAm,"Brazil, Peru, Colombia","Active post-2025 regulation; partner agreements","Expanding into regulated LatAm","Portuguese, Spanish; BRL; local methods",,digitain.com
NuxGame,CIS,"Ukraine, Belarus","Crypto-native platform for CIS operators","Fast launch, flexible iGaming solutions","Russian, Ukrainian; 180+ currencies incl. crypto",,nuxgame.com
NuxGame,Europe,"Romania, Malta","Expanding regulated footprint (Romania B2B 2025)","Best Platform Provider (SiGMA Eurasia)","English, Romanian; EUR; European payments",,nuxgame.com; prnewswire.com
NuxGame,Asia,"Philippines, Malaysia","Crypto casino and Telegram casino for Asian markets","Web3-native gaming","Asian languages; crypto-first; Telegram integration",,nuxgame.com
GamingSoft,Asia,"Philippines, Malaysia, Thailand, Vietnam, Indonesia, India","Asia-first localization; 15+ years regional expertise","World's first AI White Label","Mobile-first (75% mobile revenue); Asian languages; local payments; Telegram","Hotdog Gaming (20% stake for SE Asia)",gamingsoft.com; igamingbusiness.com
GamingSoft,Europe,,"Expanding beyond Asia base","Global iGaming provider","English; EUR","",gamingsoft.com
GamingSoft,LatAm,"Mexico","Mexico Market Report 2026 co-authored with iGB","Expanding into LatAm","Spanish; MXN","iGaming Business (co-author)",igamingbusiness.com
GamingSoft,Africa,"South Africa","Growing global footprint","Emerging market expansion","English",,gamingsoft.com
Uplatform,Asia,"Philippines, Vietnam, Thailand, Malaysia","In-house sportsbook with deep esports offering","Bloom Beyond Expectations (ICE 2026)","65-68 languages; local payments; esports: 60+ titles",,uplatform.com; yogonet.com
Uplatform,LatAm,"Brazil, Colombia, Mexico, Argentina","Won LatAm Platform Provider of the Year (Starlet Awards)","Wild Profits (SBC 2025); Fresh Solutions for Juicy Profits","Spanish, Portuguese; PIX, local methods",,uplatform.com; igamingfuture.com
Uplatform,Europe,"Cyprus, Malta","Limassol HQ; European compliance","Localization is foundational in 2026","English; EUR",,uplatform.com; yogonet.com
Uplatform,Africa,"Nigeria, Kenya, South Africa","Emerging market expansion","Partner-first model","English, French; mobile money",,uplatform.com
GammaStack,Asia,"Philippines, India, Thailand","PAGCOR guidance; India dev hub","Zero GGR — own your platform","Hindi, Filipino; INR, PHP; local methods",,gammastack.com
GammaStack,Europe,"Latvia, Malta, UK","Riga HQ; SBC Lisbon exhibitor","Full code ownership; fixed-fee model","English; EUR, GBP",,gammastack.com
GammaStack,LatAm,"Brazil, Mexico","Growing LatAm presence","Zero revenue share for LatAm operators","Portuguese, Spanish",,gammastack.com
GammaStack,North America,"USA","GammaSweep for US social casino market","Sweepstakes solution for US market","English; USD",,gammastack.com
EveryMatrix,Europe,"Malta, UK, Denmark, Ireland, Romania, Sweden, Spain","Largest aggregator; tier-1 EU clients","The commercial shift behind EveryMatrix's growth","All major EU languages; EUR, GBP, SEK, DKK","bet365, Norsk Tipping, OPAP, Veikkaus, Danske Spil, Tipico",everymatrix.com; g3newswire.com
EveryMatrix,North America,"USA (NJ, MI, CT, WV, PA), Canada (Ontario)","Licensed in 5 US states + Ontario","Enterprise-grade US market entry","English; USD, CAD","betOcean, betParx, Delaware North",everymatrix.com
EveryMatrix,LatAm,"Argentina, Brazil, Mexico","Expanding via partnerships","Growth market","Spanish, Portuguese; BRL, ARS","BetWarrior (Argentina); bet365 (Mexico via aggregation)",everymatrix.com
EveryMatrix,Africa,"South Africa","WCGRB licence secured 2025","New market entry","English; ZAR",,intergameonline.com
ProgressPlay,Europe,"UK, Ireland, Malta, Finland","13-year UK/MGA specialist","Partner-Driven Strategic Freedom","English, Finnish; GBP, EUR; 250+ payment methods","FruityKing, BritainBet",progressplay.com; agbrief.com
ProgressPlay,North America,,"Sweepstakes platform targeting US","Dual-Engine Strategy 2026: Standalone + Sweepstakes","English; USD",,progressplay.com; eegaming.org
White Hat Gaming,Europe,"UK, Malta, Gibraltar","Modular PAM with deep UKGC/MGA compliance","Platform Provider of the Year (SBC)","English; GBP, EUR; 150+ currencies",,whitehatgaming.com
White Hat Gaming,North America,"USA (NJ, PA), Canada (Ontario), tribal markets","Strong US tribal market presence; Traveling Wallet","#1 new US provider (EKG Slot Awards)","English; USD","Bally's, Choctaw Nation, Desert Diamond, Gaming Arts",whitehatgaming.com; igamingtoday.com
Pronet Gaming,Europe,"UK, Malta, Bulgaria, Ukraine","London HQ; established 1996","New Global Chapter (ICE 2026)","English; GBP, EUR",,pronetgaming.com; eegaming.org
Pronet Gaming,Asia,"Philippines, Singapore, Thailand, Vietnam, Malaysia","SCBPO Philippines — first B2B company","Aggressive Asia expansion; 15 new SE Asian clients","Asian languages; PHP, THB; local payments","Claymore Solutions (PAGCOR)",agbrief.com
Pronet Gaming,Africa,"South Africa, Nigeria","Johannesburg office; Africa specialist","Emerging market platform","English; ZAR; mobile money",,pronetgaming.com
Pronet Gaming,LatAm,,"Targeting LatAm growth markets","Emerging market platform","Spanish, Portuguese",,pronetgaming.com
Caleta Gaming,LatAm,"Brazil, Colombia, Peru","First Brazilian provider with GLI certification; video bingo niche","Tropicalized content for LatAm players","Portuguese, Spanish; BRL, COP; 160+ currencies","Light & Wonder (global distribution); Stake.bet.br",caletagaming.com; lcb.org
Caleta Gaming,Europe,"Malta, Gibraltar, Spain, Portugal, Italy","MGA B2B licence; expanding into regulated EU","Growing beyond LatAm base","English, Portuguese, Spanish; EUR","EveryMatrix, SoftSwiss, Pariplay, Groove Gaming",caletagaming.com; everymatrix.com
