competitor_name,date,headline,source,category,summary,sentiment,source_url
SOFTSWISS,2025-12,45% game portfolio growth and LatAm expansion in 2025,Yogonet,expansion,"Game Aggregator grew from ~27K to 40K+ titles; Brazil certified; Turfsport acquired for South Africa entry",positive,https://www.yogonet.com/international/news/2025/12/22/116912
SOFTSWISS,2025-12,Rubens Barrichello partnership renewed for LatAm,SOFTSWISS News,partnership,"F1 legend continues as Non-Executive Director for Latin America into 2026",positive,https://www.softswiss.com/news/2025-overview/
SOFTSWISS,2025-11,iGaming Trends Marathon launched at SiGMA CEE,SiGMA,product_launch,"First-ever live conference event for 4th edition of iGaming Trends Report with 50+ experts",positive,https://www.softswiss.com/news/2025-overview/
SOFTSWISS,2025-09,Google partnership strengthened,SOFTSWISS News,partnership,"Deepened collaboration with Google for iGaming growth",positive,https://www.softswiss.com/news/2025-overview/
SOFTSWISS,2025-05,Affilka surpasses 500K affiliate accounts,Yogonet,product_launch,"Affilka reaches 500K+ affiliate accounts and 122M registered players; 44 new brands in Q1",positive,https://www.yogonet.com/international/news/2025/05/09/104136
SOFTSWISS,2026-02,Casino Platform marks 13 years,Yogonet,product_launch,"Announced new operator tools and continued global expansion",positive,https://www.yogonet.com/international/news/2026/02/20/117671
SOFTSWISS,2026-01,Denis Romanovskiy appointed first CAIO,SOFTSWISS News,executive_move,"First Chief Artificial Intelligence Officer signals major AI investment",positive,https://www.softswiss.com/news/softswiss-strategic-vision-2026/
SOFTSWISS,2026-01,Best iGaming Platform Supplier in Europe,European iGaming Awards,award,"Won top platform award at European iGaming Awards 2026",positive,UNVERIFIED
Slotegrator,2025-12,81% YoY GGR growth reported for 2025,NEXT.io,expansion,"GGR grew 81% YoY; total bets up 71%; 0.8% global GGR share; 217 new launches",positive,https://next.io/news/b2b-news/slotegrators-2025-the-year-in-numbers/
Slotegrator,2025-12,Balkans +168% and Africa +132% regional surges,Tribuna,expansion,"Regional demand surges across Balkans Africa Australia/Oceania and CEE",positive,https://tribuna.com/amp/en/casino/news/2025-12-17
Slotegrator,2025-11,Revamped platform unveiled at SiGMA Central Europe,Yogonet,product_launch,"New ESG partnerships and platform modernization showcased in Rome",positive,https://www.yogonet.com/international/news/2025/11/13/116289
Slotegrator,2025-01,Isle of Man online gambling licence obtained,Yogonet,regulatory,"Online Gambling Permit for Software Supply from Isle of Man GSC valid through Dec 2028",positive,https://www.yogonet.com/international/news/2024/01/25/70557
Slotegrator,2026-01,Casino Builder 2.0 and Moneygrator AI Bot launched at ICE 2026,AGB,product_launch,"Industry-first AI-powered payment assistant and no-code casino builder debuted",positive,https://agbrief.com/news/europe/28/01/2026/slotegrator-strengthens-rebranding-and-tech-strategy-at-ice-2026/
Slotegrator,2026-01,Major rebrand unveiled at ICE Barcelona 2026,Infoplay,rebrand,"Refreshed brand identity reflecting evolution from solutions provider to tech-driven partner",positive,https://www.infoplay.info/en/2026-01-15/slotegrator-to-shake-up-ice-2026/34377/new/
BetConstruct,2025-10,White Label Supplier of the Year at SBC Awards 2025,EEGaming,award,"Won top white-label award at SBC Awards 2025",positive,https://eegaming.org/latest-news/2025/10/01/129390/
BetConstruct,2025-06,Affigates affiliate ecosystem launched,SBC Americas,product_launch,"New affiliate ecosystem with 4500+ affiliates and 630+ operator partners",positive,https://sbcamericas.com/2025/06/26/betconstruct-debut-ecosystem-affiliates/
BetConstruct,2025-12,Special Bets for custom sportsbook markets launched,Yogonet,product_launch,"Custom sportsbook markets with automated settlement and audit trails",positive,https://www.yogonet.com/international/news/2025/12/22/116897
BetConstruct,2025-01,Technology Provider of the Year at IGA 2025,IGA,award,"Won Technology Provider of the Year at International Gaming Awards",positive,UNVERIFIED
BetConstruct,2024-01,Flutter Entertainment partnership established,BetConstruct Media,partnership,"Major tier-1 operator partnership with Flutter Entertainment",positive,https://www.betconstruct.com/media/betconstructs-strategic-victories-a-flashback-to-2024
BetConstruct,2024-01,Tobique First Nation dual B2B/B2C license (Canada),BetConstruct Media,regulatory,"First company to receive both B2B and B2C licenses from Tobique First Nation",positive,https://www.betconstruct.com/media/betconstructs-strategic-victories-a-flashback-to-2024
BetConstruct,2026-03,Global Gaming Company of the Year at IGA 2026,LCB,award,"Won top global company award at International Gaming Awards 2026",positive,https://lcb.org/news/betconstruct-ai-wins-global-gaming-company-award.amp
BetConstruct,2026-01,50% setup fee discount for new operators,EEGaming,other,"Aggressive pricing promotion for operators signing before Jan 15 2026",positive,https://eegaming.org/latest-news/2026/03/18/136082/
Digitain,2026-02,UK Gambling Commission licence secured,Gambling Insider,regulatory,"UKGC certification and betting licence obtained covering Digitain Galaxsys and Imagine Live",positive,https://www.gamblinginsider.com/news/26878/digitain-obtains-gambling-licence-in-the-uk/
Digitain,2026-03,Dual manufacturer and importer licences in Bulgaria,EEGaming,regulatory,"Secured both manufacturer and importer licences from Bulgarian gambling regulator",positive,https://eegaming.org/latest-news/2026/03/25/136365/
Digitain,2026-03,Multi-vector deal with AdmiralBet Serbia,SBC News,partnership,"Full group product suite deal with AdmiralBet Serbia",positive,https://sbcnews.co.uk/europe/2026/03/02/digitain-admiralbet-serbia/
Digitain,2025-10,European Lotteries Associate Membership confirmed,Digitain,partnership,"Joined European Lotteries as Associate Member signaling lottery market push",positive,https://digitain.com
Digitain,2025-01,Best Interactive Sportsbook Experience at SiGMA Americas,SiGMA,award,"Won sportsbook experience award at SiGMA Americas 2025",positive,UNVERIFIED
Digitain,2025-01,Powerhouse Award and Multi-Channel Supplier of the Year,5 Star iGaming Media Awards,award,"Double recognition at 5 Star iGaming Media Awards / Starlet Awards 2025",positive,UNVERIFIED
NuxGame,2025-01,Advanced solutions showcased at ICE Barcelona 2025,AGB,product_launch,"Debuted Let's Break the ICE campaign with new CMS gamification and back-office features",positive,https://agbrief.com/news/europe/08/01/2025/nuxgame-showcases-advanced-solutions-at-ice-barcelona-2025/
NuxGame,2025-12,Casino aggregator expanded to 16500+ games from 130+ providers,PRNewswire,expansion,"Major content library expansion throughout 2025",positive,https://www.prnewswire.com/news-releases/nuxgame-expands-casino-aggregator-to-16-500-games-from-130-providers-302572496.html
NuxGame,2025-12,Strategic partnership with Gamblers Connect,EEGaming,partnership,"New affiliate/media channel partnership for brand awareness",positive,https://eegaming.org/latest-news/2025/12/08/130663/
NuxGame,2025-01,Romania Class II B2B gambling license obtained,NuxGame,regulatory,"Added regulated European market access via Romanian license",positive,https://nuxgame.com
NuxGame,2025-09,Best Platform Provider at SiGMA Eurasia,SiGMA,award,"Won platform provider award plus Best Innovation in iGaming Technology at EiGE Awards",positive,UNVERIFIED
GamingSoft,2025-09,World's first AI White Label showcased at SBC Summit Lisbon,SBC Events,product_launch,"AI-integrated white-label with virtual KOL agents AI voice and automated assistants",positive,https://sbcevents.com/events/gamingsoft-sbc-summit/
GamingSoft,2025-08,20% stake acquired in Hotdog Gaming,GamingSoft News,acquisition,"Strategic acquisition to drive AI white-label growth in Southeast Asia",positive,https://www.gamingsoft.com
GamingSoft,2025-09,Best Platform Award at SiGMA Asia 2025,SiGMA,award,"Third consecutive SiGMA Asia award (2023-2025)",positive,UNVERIFIED
GamingSoft,2026-01,Mexico Market Report 2026 co-authored with iGaming Business,iGaming Business,partnership,"Joint market report signals Latin American expansion push",positive,https://igamingbusiness.com/legal-compliance/regulation/mexico-market-report-2026/
GamingSoft,2026-02,Exhibited at ICE Barcelona 2026,ICE,other,"Showcased full platform portfolio at industry flagship event",neutral,https://www.icegaming.com/exhibitors/gamingsoft
Uplatform,2025-10,LatAm Platform Provider of the Year at Starlet Awards,Starlet Awards,award,"Won top LatAm platform award recognizing regional strength",positive,https://uplatform.com/news/uplatform-wins-latam-platform-provider-of-the-year-at-the-starlet-awards
Uplatform,2025-10,Nominated for Platform of the Year at SBC Summit Americas,SBC,award,"Shortlisted for top platform award at SBC Americas 2025",positive,UNVERIFIED
Uplatform,2026-01,Bloom Beyond Expectations at ICE Barcelona 2026,iGaming Future,rebrand,"New brand identity and upgraded sportsbook/casino/CRM showcased",positive,https://igamingfuture.com/uplatform-set-to-bloom-at-ice-barcelona-2026-with-exciting-new-offerings/
Uplatform,2026-02,Localization is foundational strategy published,Yogonet,other,"Thought leadership on geo-specific localization as competitive strategy",neutral,https://www.yogonet.com/international/news/2026/02/12/117546
GammaStack,2025-05,Strategic rebrand emphasizing global scale,GammaStack,rebrand,"Refreshed identity focused on tech-forward global positioning",positive,https://www.gammastack.com
GammaStack,2025-08,GammaPlus flagship turnkey suite launched,GammaStack,product_launch,"New all-in-one turnkey iGaming suite combining casino sportsbook and lottery",positive,https://www.gammastack.com
GammaStack,2025-11,Best Slot Design 2025 at SiGMA Euro-Med,SiGMA,award,"Slot collaboration with Trifecta Gaming won design award",positive,UNVERIFIED
GammaStack,2026-01,Finalist for Platform Provider of the Year at Global Gaming Awards EMEA 2026,ICE,award,"Shortlisted for major platform award at ICE Barcelona 2026",positive,https://www.icegaming.com/exhibitor-press-release/gammastack-advances-solutions-services-next-gen-igaming-businesses
GammaStack,2025-11,Multiple negative Trustpilot reviews citing delivery failures,Trustpilot,negative,"Reviews cite missed deadlines (3→9 months) buggy code ($100K+ losses) and RTP malfunctions",negative,https://www.trustpilot.com/review/www.gammastack.com
EveryMatrix,2025-09,Largest-ever content aggregation deal with bet365,EveryMatrix/SBC News,partnership,"SlotMatrix to supply 40+ vendors across UK Germany Netherlands Mexico",positive,https://everymatrix.com/everymatrix-signs-largest-ever-content-aggregation-deal-with-bet365/
EveryMatrix,2025-05,Q1 2025 revenue €54M (+39% YoY) with 52% EBITDA margin,European Gaming,other,"8th consecutive quarter above 50% EBITDA; LTM EBITDA €107M",positive,https://europeangaming.eu/portal/latest-news/2025/05/02/181714/
EveryMatrix,2025-11,Danske Spil deal signed for Denmark,SBC News,partnership,"Casino/bingo platform launch for Danish state operator in summer 2026",positive,https://sbcnews.co.uk/europe/2025/11/03/everymatrix-danske-spil/
EveryMatrix,2025-11,Goma Gaming acquired,EveryMatrix,acquisition,"UX specialist acquired to strengthen platform design capabilities",positive,https://everymatrix.com
EveryMatrix,2025-12,AI-Powered Bonus Guardian launched,EveryMatrix,product_launch,"New tool combats bonus abuse using AI analysis",positive,https://everymatrix.com
EveryMatrix,2026-01,Jonas Groes appointed co-CEO,SBC News,executive_move,"Founder's son becomes co-CEO alongside Ebbe Groes",positive,https://sbcnews.co.uk/technology/2025/11/18/everymatrix-co-ceo/
EveryMatrix,2026-03,Cashpoint/Merkur Bets Denmark omnichannel deal,EEGaming,partnership,"Powers 1000+ retail terminals plus online casino launch in H2 2026",positive,https://eegaming.org/latest-news/2026/03/11/135553/
EveryMatrix,2024-07,FSB Technology acquired,EveryMatrix,acquisition,"Expanded horse racing and UK/Ireland/Africa footprint",positive,https://everymatrix.com
ProgressPlay,2025-08,UKGC fines ProgressPlay £1M for AML and social responsibility failings,SBC News,negative,"Second UKGC enforcement action (first was £175K in 2022); AML and responsible gambling failures",negative,https://sbcnews.co.uk/sportsbook/2025/08/21/ukgc-fines-progressplay-1m/
ProgressPlay,2025-10,Standalone platform upgrade unveiled at SBC Summit,EEGaming,product_launch,"Major standalone platform upgrade emphasizing operator autonomy",positive,https://eegaming.org/latest-news/2025/10/01/129398/
ProgressPlay,2025-11,Sweepstakes platform showcased at SiGMA Europe,LCB,product_launch,"New sweepstakes solution for US and social gaming markets",positive,https://lcb.org/news/progressplay-to-launch-sweepstakes-solution-at-sigma-europe-2025
ProgressPlay,2026-01,Dual-Engine Strategy for 2026 published,EEGaming,other,"Standalone plus Sweepstakes positioned as twin growth pillars",positive,https://eegaming.org/press-releases/2026/01/09/131815/
ProgressPlay,2026-01,ICE Barcelona 2026 presentation,EEGaming,other,"Showcased 13+ years of iGaming excellence at Stand 2D12",neutral,https://eegaming.org/latest-news/2025/12/04/130601/
White Hat Gaming,2025-01,White Hat Studios ranked #1 new US provider at EKG Slot Awards,EKG,award,"Top-ranked new provider; top-3 by GGR in Eilers-Fantini report",positive,UNVERIFIED
White Hat Gaming,2025-05,Gaming Arts distribution deal for US land-based,iGaming Today,partnership,"First entry into US land-based casino floors via OMNI platform",positive,https://www.igamingtoday.com/white-hat-studios-enters-us-land-based-casino-market-through-gaming-arts-omni-partnership/
White Hat Gaming,2025-12,AI-powered KYC and facial biometrics partnership,White Hat Gaming,product_launch,"Enhanced compliance and fraud reduction for global operations",positive,https://whitehatgaming.com
White Hat Gaming,2026-01,$100M+ in jackpots paid by White Hat Studios,White Hat Studios,other,"Milestone jackpot payout demonstrates content arm scale",positive,https://whitehatstudios.com
White Hat Gaming,2026-02,Kong franchise confirmed as lead 2026 content title,White Hat Studios,product_launch,"Major branded IP for 2026 roadmap",positive,UNVERIFIED
Pronet Gaming,2025-11,SCBPO accreditation in Philippines via Claymore Solutions,AGB,regulatory,"First B2B gaming company to establish SCBPO-accredited operation in Philippines",positive,https://agbrief.com/news/philippines/21/11/2025/pronet-gaming-breaks-ground-with-scbpo-accreditation-in-the-philippines/
Pronet Gaming,2025-01,Best Platform Provider at SPiCE South Asia Eventus Awards,SPiCE,award,"Won platform provider award for South Asia market",positive,UNVERIFIED
Pronet Gaming,2025-01,Shortlisted in 8 categories at IGA 2025,IGA,award,"Broad recognition across multiple award categories",positive,UNVERIFIED
Pronet Gaming,2026-01,New website and brand identity launched at ICE Barcelona 2026,EEGaming,rebrand,"Described as start of new global chapter",positive,https://eegaming.org/latest-news/2025/12/19/130852/
Pronet Gaming,2025-12,15 new clients onboarding in Southeast Asia,AGB,expansion,"Thailand Vietnam Philippines Malaysia client acquisitions",positive,https://agbrief.com/news/philippines/21/11/2025/
Caleta Gaming,2025-11,Global distribution agreement with Light & Wonder,Caleta Gaming,partnership,"First entry into Light & Wonder's network across Brazil Colombia Peru Malta South Africa",positive,https://www.caletagaming.com/news/caleta-gaming-signs-global-agreement-with-light-wonder-for-multiple-jurisdictions
Caleta Gaming,2025-01,First Brazilian game developer to receive GLI certification,LCB,regulatory,"Pioneer status in Brazil's newly regulated market covering RNG RGS and initial titles",positive,https://lcb.org/news/caleta-gaming-paves-the-way-in-brazils-regulated-market
Caleta Gaming,2024-02,MGA B2B licence obtained,NEXT.io,regulatory,"MGA/B2B/1006/2023 Critical Gaming Supply licence issued",positive,https://next.io/news/b2b-news/caleta-obtains-mga-license/
Caleta Gaming,2025-05,Content integrated with inplaySoft operators,Games Magazine Brasil,partnership,"Tropicalized content made available to inplaySoft operator network",positive,https://www.gamesbras.com/english-version/2025/5/13/caleta-gamings-tropicalized-content
Caleta Gaming,2025-01,New Mini Games category debuted,Caleta Gaming,product_launch,"Expanded beyond slots/bingo/crash into mini games category",positive,https://www.caletagaming.com/news/caleta-gaming-kicks-off-2025-with-a-thrilling-lineup
