competitor_name,primary_usp,tagline_or_theme,target_audience,positioning_statement,strengths_vs_softgamings,weaknesses_vs_softgamings,opportunities_for_softgamings,threats_to_softgamings,where_softgamings_can_beat,sources
SOFTSWISS,"Crypto-first ecosystem with 40K+ games, 1400+ brands","Online Casino Software — B2B iGaming Provider","Crypto-native operators; mid-to-large casino brands; LatAm/Africa expansion","Largest crypto-native iGaming platform with 15+ years and full ecosystem","40K games vs SG's ~16K; 1400+ brands vs SG's smaller base; crypto heritage since 2013; certified in 24 jurisdictions; Jackpot Aggregator unique product; dedicated Affilka affiliate platform with 500K accounts","Premium pricing ($30-80K setup) prices out small operators; sportsbook launched only 2020 (less mature); customer support inconsistency reported; default UI templates criticized as dated","SG can compete on price for startups; SG can emphasize faster/more personal support; SG sportsbook (890K+ pre-match events) may be more comprehensive than SOFTSWISS's newer offering","Dominant market position with 1400+ brands; aggressive LatAm expansion (Brazil certified); strong brand recognition at all major events","Service quality and responsiveness; sportsbook depth (890K events vs SOFTSWISS's 2K markets); lower price point for startups; more personal account management","softswiss.com; trustpilot.com/review/softswiss.com; ejaw.net"
Slotegrator,"One-stop shop: 40K games via single API + turnkey in 30 days","Let's Break the ICE","Startup operators; emerging-market casinos; crypto projects","Fast-launch, affordable entry to iGaming with comprehensive support and education","40K games matching SOFTSWISS; Casino Builder 2.0 no-code frontend; Slotegrator Academy educational ecosystem; AI-powered Moneygrator Bot; strong emerging-market focus (Balkans +168%, Africa +132%)","Smaller company (~300 staff, ~$15M revenue); white-label sublicense model being phased out by Curacao reforms; pricing not transparent; Glassdoor reviews cite below-market salaries","SG can position as more established/stable B2B partner; SG's sportsbook (890K events) far exceeds Slotegrator's Sportegrator; SG can compete on Curacao licensing support as sublicensing ends","Direct competitor targeting same startup audience; 81% YoY GGR growth shows momentum; Casino Builder 2.0 lowers barrier — operators don't need developers","Sportsbook depth; licensing breadth (SG holds Belgian, Latvian licenses); more transparent client support; direct comparison on total cost of ownership","slotegrator.pro; next.io; glassdoor.com"
BetConstruct,"Full-stack AI-powered iGaming ecosystem with 25+ years","The Choice — operator self-selection of modular tools","Mid-to-large operators; multi-channel (online+retail); global brands","End-to-end B2B platform with deepest product breadth and AI innovation in the industry","Broadest product suite (sportsbook+casino+live+poker+virtual+retail+affiliates all in-house); SpringBME unified back-office is industry-first; 630+ partners; KISS AI Live Casino; 10+ gambling licenses held; Won White Label Supplier of Year 2025; Flutter partnership","Complex platform — steep learning curve; better suited for larger operators; player-facing reputation average (3.3/5); setup from EUR40K + 15% NGR is costly at scale; no external funding limits pace","SG can target smaller operators overwhelmed by BC's complexity; SG's simpler onboarding; SG can compete in markets where BC's premium pricing is a barrier","Massive product depth and AI investment; aggressive global expansion; strong award recognition; Flutter partnership signals tier-1 credibility","Simplicity and speed of launch; lower cost for startups; more focused product (not trying to be everything); easier onboarding experience","betconstruct.com; whitelabelwonder.com; eegaming.org"
Digitain,"25+ years sportsbook expertise with full group ecosystem","Building a Strong Foundation for Growth","Mid-sized operators; sportsbook-first brands; European regulated markets","Premium sportsbook specialist with in-house game studio, live casino, and payments","Deepest sportsbook heritage (since 1999); GLI-certified Centrivo sportsbook; full vertical integration (Relum, Galaxsys, Imagine Live, Paydrom); 35 regulated markets; strong EU licensing (MGA, UKGC, Sweden, Greece, Romania, Bulgaria)","Premium pricing (10-50% NGR); headquartered in Armenia may cause due-diligence concern for some tier-1 operators; less brand recognition in US/NA; platform complexity for smaller teams","SG can compete on price; SG's game aggregator (250-300+ providers; 10K+ games) has broader content than Relum; SG can target operators who don't need sportsbook-first approach","Accelerating regulatory footprint (UK licence Feb 2026, Bulgaria March 2026); strong award wins; EUR12B yearly handle demonstrates scale","Lower barrier to entry for casino-first operators; broader game aggregator content; simpler pricing structure; faster onboarding","digitain.com; igamingx.com; gamblinginsider.com"
NuxGame,"Fast-launch crypto-native platform with 16.5K games","2025 in Review: NuxGame Strengthens Its Platform","Startup crypto operators; Telegram-native audiences; budget-conscious launchers","Fastest and most affordable way to launch a crypto casino or sportsbook","Fastest launch (under 4 weeks); under $120K all-in cost; crypto/Web3-native; Telegram Casino product; Sweepstakes for US market; 180+ currencies; growing 30% annually in clients","Smaller (200+ staff); primary license is Curacao (limits access to UK/DE/SE); less mature than larger competitors; limited enterprise track record","SG can differentiate on licensing breadth (MGA, Belgian, Latvian); SG's sportsbook is more comprehensive; SG has longer track record (18+ years vs NuxGame's 7)","Direct competitor for budget startups; Telegram Casino is innovative channel SG doesn't offer; crypto-first positioning resonates with emerging markets","Licensing support depth; sportsbook comprehensiveness (890K events); regulatory credibility in EU; 18+ years of operational experience","nuxgame.com; prnewswire.com; whitelabelwonder.com"
GamingSoft,"Asia-first platform with AI White Label and 200+ providers","World's first AI White Label","Asian operators; Philippines/Malaysia/Vietnam/Thailand markets","The go-to iGaming platform for Asian markets with AI-powered tools and deep localization","15+ years Asia expertise; AI White Label with 10-minute launch claim; AI Voice (20K calls/hr); 8K+ games from 200+ providers; Telegram Casino; SiGMA Asia Best Platform 3 consecutive years; Hotdog Gaming acquisition for SE Asia","Limited outside Asia; no disclosed external funding; Trustpilot 3.2/5; limited proprietary game content; transparency gaps (no public client list)","SG can compete in Asia with broader game library and more licensing options; SG can highlight global reach vs GamingSoft's Asia concentration","Strong Asia lock-in; AI innovation (voice, chatbot) ahead of most competitors; 1000+ operator accounts shows scale in the region","Global reach vs Asia-only; broader licensing (EU licenses); larger game library; stronger presence in CIS and European markets","gamingsoft.com; igamingbusiness.com; tracxn.com"
Uplatform,"All-in-one with in-house sportsbook and 68 languages","Bloom Beyond Expectations","Small-to-mid operators in LatAm, SE Asia, Africa","Single vendor covering full stack with partner-centric operational support","In-house sportsbook (not third-party); 65-68 languages (among best localization); 550+ payment methods; deep esports (60+ titles); won LatAm Platform Provider of the Year; no upfront fees for qualified partners","Smaller (~200 staff); mid-tier ranking (70th/183); limited public transparency; no published revenue; contested HQ details; smaller client base (50+)","SG can compete on game library size and provider count; SG has more regulatory certifications; SG's brand recognition is stronger in CIS","LatAm award recognition; no-upfront-fee model undercuts SG's pricing; partner-centric approach creates sticky relationships","Larger game library; more licensing options; stronger CIS presence; longer track record; more transparent operations","uplatform.com; yogonet.com; tracxn.com"
GammaStack,"Zero GGR revenue share — own your platform code","Zero Revenue Share; Full Code Ownership","Budget operators wanting total platform control; India/Philippines market entrants","Cheapest long-term ownership with full IP transfer — no ongoing royalties","Zero GGR model is unique — no ongoing rev-share; 100% code ownership; rapid deployment (2-5 weeks); broad verticals (casino+sportsbook+lottery+sweepstakes+crypto)","Documented delivery problems (Trustpilot 2.9/5); buggy code; missed deadlines by 6-9 months; post-delivery support issues ($49K+ quoted for fixes); allegations of fake reviews; smaller game library (5K+ vs SG's 16K+)","SG can highlight quality assurance and ongoing support vs GammaStack's delivery risks; SG's managed service model avoids the 'own broken code' problem","Zero-GGR pricing attracts price-sensitive operators who might otherwise choose SG","Reliable delivery and support; ongoing platform maintenance; much larger game library (300+ providers); no code quality risks; proven operational track record","gammastack.com; trustpilot.com; clutch.co"
EveryMatrix,"Largest casino aggregator with modular API-first architecture","The commercial shift behind EveryMatrix's growth","Tier-1 operators; state lotteries; enterprise brands in regulated markets","Enterprise-grade modular platform for the world's largest operators","Largest aggregator (37K+ games/350+ providers via SlotMatrix); tier-1 clients (bet365, Norsk Tipping, OPAP, Flutter); strongest financials (~$240M net revenue, 52% EBITDA margin); 95% client retention; licensed in 5 US states + Ontario; WLA Safer Gambling certified","Integration complexity — not plug-and-play for small operators; not a simple white-label; limited Asia presence; UI/UX complexity; no public pricing","SG targets the segment EveryMatrix doesn't serve well — small/startup operators needing simple, fast launch; SG's lower price point and simpler onboarding","Dominant enterprise position; financial resources dwarf SG; expanding into LatAm and Africa; horse racing product via FSB acquisition","Speed and simplicity for startups; lower cost of entry; simpler white-label model; more accessible for non-enterprise operators; CIS market presence","everymatrix.com; gamblinginsider.com; g3newswire.com"
ProgressPlay,"Three-tier delivery model with standalone + sweepstakes","Partner-Driven Strategic Freedom","UK/MGA casino operators; US sweepstakes market entrants","Flexible operator models from full white-label to independent standalone","Three distinct tiers (white-label/standalone/sweepstakes) — unusual flexibility; Standalone eliminates rev-share overhead; 130+ brands; 13 years UK/MGA expertise; Playtech MTS sportsbook","UKGC fined £1M (Aug 2025, second offense); player complaints (slow withdrawals, copy-paste support); heavy UK/MGA concentration; mid-market resources","SG can highlight clean regulatory record vs ProgressPlay's UKGC fines; SG's broader geo coverage; SG's established game library (10K+ games / 250-300+ providers)","Standalone model (no rev-share) appeals to margin-conscious operators; sweepstakes platform opens US without real-money license","Clean regulatory record; broader geographic coverage; larger provider network; more licensing options beyond UK/MGA","progressplay.com; sbcnews.co.uk; agbrief.com"
White Hat Gaming,"Modular PAM with Traveling Wallet for US multi-state","#1 New US Provider (EKG Slot Awards)","US tribal operators; regulated-market enterprise brands; casino operators needing modular flexibility","Premium modular platform for regulated US and European markets","Modular PAM architecture; Traveling Wallet for US multi-jurisdictional; strong US tribal presence (Bally's, Choctaw, Desert Diamond); proprietary White Hat Studios with $100M+ jackpots; Kambi sportsbook integration","Past UKGC £1.3M settlement (2021); ~40 brands — smaller network; revenue ~$51-75M limits R&D; heavy reliance on Kambi for sportsbook (single vendor risk)","SG can compete outside US (where WHG is focused); SG's broader game aggregator; SG offers own sportsbook vs WHG's Kambi dependency","Strong US foothold SG lacks; proprietary content arm (White Hat Studios); enterprise-grade compliance infrastructure","Broader global reach; own sportsbook solution (not Kambi-dependent); larger game provider network; lower cost of entry; CIS/LatAm presence","whitehatgaming.com; igamingx.com; igamingtoday.com"
Pronet Gaming,"Emerging-markets specialist with omni-channel sportsbook","New Global Chapter (ICE 2026)","Small-to-mid operators in Africa, Asia, LatAm; retail betting operators","Fast, flexible omni-channel platform for next-gen operators in emerging markets","Omni-channel (online+retail) integration; 20K+ games / 150+ providers; Betradar sportsbook partnership; SCBPO Philippines accreditation (first B2B company); claimed 85M bets/day","Very small (~96 staff, ~$3.5-7.8M revenue); no external funding; inconsistent revenue estimates suggest limited scale; not a dominant player in any single market","SG can emphasize stability and scale vs Pronet's small size; SG's established game library (10K+ games / 250-300+ providers); SG's established CIS presence","Philippines SCBPO is first-mover advantage; omni-channel retail capability SG may lack","Scale and stability; larger game library; stronger financial position; more licensing options; established brand recognition","pronetgaming.com; getlatka.com; agbrief.com"
Caleta Gaming,"Video bingo niche leader + first Brazilian GLI-certified provider","Tropicalized content for LatAm players","LatAm casino operators; Brazilian regulated market; operators needing bingo/crash content","The go-to content supplier for authentic Latin American casino games","Video bingo niche dominance (few competitors); first Brazilian GLI certification; proprietary GP5 engine; Light & Wonder global distribution deal; 280+ partners; authentic LatAm cultural content","Not a platform provider (content only); small company (~50-100 staff, seed-stage); narrow product scope; heavy LatAm dependency; late global recognition","SG is not a direct competitor — could be a partner (integrate Caleta content); SG can offer full platform where Caleta only offers games","Caleta's content could strengthen rival platforms that integrate it; their Brazil certification gives them first-mover advantage in a 220M-population market","Not applicable — different business model. SG should consider partnership/integration rather than competition","caletagaming.com; next.io; tracxn.com"
